taxid,taxname
1678,Bifidobacterium
561,Escherichia
816,Bacteroides
1301,Streptococcus
1279,Staphylococcus
375288,Parabacteroides
32207,Rothia
102106,Collinsella
1378,Gemella
572511,Blautia
53335,Pantoea
40544,Sutterella
292632,Subdoligranulum
838,Prevotella
1730,Eubacterium
33024,Phascolarctobacterium
33042,Coprococcus
216851,Faecalibacterium
239759,Alistipes
1485,Clostridium
1263,Ruminococcus
841,Roseburia
189330,Dorea
544,Citrobacter
397864,Barnesiella
283168,Odoribacter
35832,Bilophila
872,Desulfovibrio
244127,Anaerotruncus
459786,Oscillibacter
1348911,Coprobacter
207244,Anaerostipes
239934,Akkermansia
830,Butyrivibrio
61170,Holdemania
135858,Catenibacterium
447020,Adlercreutzia
52225,Mitsuokella
940557,Granulicella
724,Haemophilus
29465,Veillonella
160674,Raoultella
1017280,Pseudoflavonifractor
906,Megasphaera
283,Comamonas
836,Porphyromonas
1578,Lactobacillus
117563,Granulicatella
84111,Eggerthella
1654,Actinomyces
150022,Finegoldia
194,Campylobacter
946234,Flavonifractor
1357,Lactococcus
133925,Olsenella
577310,Parasutterella
1350,Enterococcus
162289,Peptoniphilus
1380,Atopobium
184869,Varibaculum
2172,Methanobrevibacter
39948,Dialister
577309,Paraprevotella
84567,Pedobacter
191303,Turicibacter
644652,Gordonibacter
2316,Methanosphaera
165779,Anaerococcus
1696,Brevibacterium
1716,Corynebacterium
713,Actinobacillus
104264,Cellulophaga
846,Oxalobacter
416916,Aggregatibacter
100883,Coprobacillus
158846,Megamonas
248744,Marvinbryantia
84108,Slackia
1298,Deinococcus
574697,Butyricimonas
848,Fusobacterium
583,Proteus
46255,Weissella
904,Acidaminococcus
1257,Peptostreptococcus
69965,Macrococcus
547,Enterobacter
1253,Pediococcus
1033,Afipia
1243,Leuconostoc
1743,Propionibacterium
123375,Solobacterium
482,Neisseria
265975,Oribacterium
196082,Parascardovia
1213720,Stomatobaculum
196081,Scardovia
47670,Lautropia
543311,Parvimonas
156454,Anaeroglobus
66831,Facklamia
570,Klebsiella
1335745,Spiribacter
620,Shigella
29521,Brachyspira
149698,Massilia
2701,Gardnerella
580596,Butyricicoccus
209,Helicobacter
156973,Dysgonomonas
469,Acinetobacter
40323,Stenotrophomonas
1283313,Alloprevotella
538,Eikenella
1164882,Lachnoanaerobaculum
1073,Rhodopseudomonas
76833,Actinobaculum
674963,Succinatimonas
248038,Mucispirillum
2745,Halomonas
581,Morganella
32008,Burkholderia
517,Bordetella
46123,Abiotrophia
586,Providencia
84162,Cryptobacterium
68335,Coprothermobacter
46613,Acetomicrobium
2222,Methanothrix
1279384,Eggerthia
638847,Pyramidobacter
203133,Propionimicrobium
2753,Synergistes
698776,Cellulosilyticum
970,Selenomonas
286,Pseudomonas
264995,Anaerofustis
118747,Bulleidia
29393,Dolosigranulum
2093,Mycoplasma
212791,Enhydrobacter
106589,Cupriavidus
2050,Mobiluncus
1091,Chlorobium
702,Plesiomonas
28453,Sphingobacterium
86331,Mogibacterium
893,Desulfobulbus
195950,Tannerella
1016,Capnocytophaga
157,Treponema
1434006,Fretibacterium
113286,Pseudoramibacter
44259,Filifactor
43996,Catonella
32257,Kingella
32067,Leptotrichia
2717,Cardiobacterium
43994,Johnsonella
613,Serratia
419014,Alloscardovia
53246,Pseudoalteromonas
34084,Riemerella
32012,Thiomonas
568,Hafnia
810,Chlamydia
2260,Pyrococcus
165697,Sphingopyxis
265,Paracoccus
1839,Nocardioides
29404,Microlunatus
57493,Kocuria
323620,Shinella
165695,Sphingobium
83618,Pseudoxanthomonas
68287,Mesorhizobium
41275,Brevundimonas
110932,Leifsonia
75,Caulobacter
34072,Variovorax
72173,Citromicrobium
201096,Alicycliphilus
629,Yersinia
174708,Allobaculum
773,Bartonella
1386,Bacillus
180162,Cetobacterium
265488,Rhodopirellula
33877,Agromyces
55968,Leucobacter
80865,Delftia
535,Chromobacterium
74385,Gracilibacillus
1081,Rhodospirillum
59732,Chryseobacterium
36739,Dermabacter
28263,Arcanobacterium
29580,Janthinobacterium
400634,Lysinibacillus
28196,Arcobacter
33057,Thauera
1827,Rhodococcus
76890,Asticcacaulis
76831,Myroides
378210,Methyloversatilis
222,Achromobacter
65551,Meiothermus
29330,Alicyclobacillus
662,Vibrio
392733,Terriglobus
2038,Tropheryma
48736,Ralstonia
2737,Vagococcus
580024,Enterorhabdus
413496,Cronobacter
642,Aeromonas
22,Shewanella
51668,Tetragenococcus
43668,Brachybacterium
338,Xanthomonas
182639,Kribbella
2000,Streptosporangium
82202,Centipeda
1851,Saccharomonospora
81,Hyphomicrobium
665874,Limnohabitans
52972,Polaromonas
46254,Oenococcus
67575,Rheinheimera
417127,Zunongwangia
1269,Micrococcus
357,Agrobacterium
379,Rhizobium
1375,Aerococcus
57495,Dermacoccus
2053,Gordonia
125216,Roseomonas
1651,Alloiococcus
144193,Corynebacterium
177971,Shuttleworthella
434,Acetobacter
1847,Pseudonocardia
37914,Dietzia
59195,Rickettsiella
2747,Carnobacterium
305976,Pusillimonas
33986,Exiguobacterium
59735,Bergeyella
53457,Janibacter
31983,Helcococcus
1835,Saccharopolyspora
33882,Microbacterium
1060,Rhodobacter
57499,Kytococcus
528,Ochrobactrum
497,Psychrobacter
44471,Microcoleus
89966,Hymenobacter
90243,Oligella
1013,Weeksella
428711,Jonquetella
1637,Listeria
46352,Agrococcus
963,Herbaspirillum
89583,Gluconacetobacter
2034,Curtobacterium
745,Pasteurella
28105,Sinorhizobium
6,Azorhizobium
1080709,Methanomassiliicoccus
243627,Hydrocarboniphaga
171412,Eremococcus
364316,Verminephrobacter
265976,Serinicoccus
75309,Rhodanobacter
1763,Mycobacterium
359407,Methylotenera
150203,Blastomonas
234,Brucella
316612,Methylibium
1573,Clavibacter
59734,Empedobacter
441,Gluconobacter
34037,Rahnella
10,Cellvibrio
71,Simonsiella
34098,Blattabacterium
45669,Salinicoccus
1865,Actinoplanes
241421,Crinalium
2060,Tsukamurella
475,Moraxella
32199,Buchnera
407,Methylobacterium
88138,Modestobacter
270,Thermus
1707,Cellulomonas
1158,Oscillatoria
12916,Acidovorax
191,Azospirillum
507,Alcaligenes
244698,Gillisia
780,Rickettsia
146937,Azospira
2129,Ureaplasma
1370,Marinococcus
150247,Anoxybacillus
75654,Duganella
55080,Brevibacillus
1663,Arthrobacter
290425,Advenella
1883,Streptomyces
953,Wolbachia
323449,Pontibacter
35798,Nitrosospira
13687,Sphingomonas
111142,Alishewanella
252301,Oceanicola
1152,Pseudanabaena
13334,Anaerobiospirillum
1279388,Kandleria
186650,Microvirga
227979,Jeotgalicoccus
1573535,Holdemanella
151754,Xenophilus
155862,Methanothermococcus
237,Flavobacterium
1506553,Lachnoclostridium
1508657,Ruminiclostridium
232523,Hylemonella
85413,Bosea
82373,Anaerovibrio
174951,Ramlibacter
2282523,Methylorubrum
990721,Christensenella
715222,Caldicoprobacter
2070447,Conservatibacter
2039240,Anaerotignum
44748,Sporobacter
1505663,Thomasclavelia
257820,Kerstersia
2742,Marinobacter
2733,Symbiobacterium
168808,Sneathia
278993,Thermincola
2005359,Faecalicatena
196119,Methanotorris
33870,Coriobacterium
233191,Caldilinea
2048137,Agathobaculum
519427,Sharpea
99906,Alkalibacterium
114248,Tepidimonas
165696,Novosphingobium
2179,Methanothermus
293088,Martelella
42054,Chromohalobacter
346096,Paludibacter
657,Photobacterium
2373,Acetonema
588605,Robinsoniella
28065,Rhodoferax
68,Lysobacter
1870884,Clostridioides
28138,Rikenella
141948,Thermomonas
1505657,Intestinibacter
2132,Spiroplasma
2263,Thermococcus
442430,Coraliomargarita
1372,Planococcus
137460,Aerosphaera
36862,Ideonella
445,Legionella
501783,Cloacibacterium
52784,Anaerofilum
46205,Pseudobutyrivibrio
2740,Peptococcus
449972,Chelativorans
420345,Lactonifactor
579,Kluyvera
13075,Globicatella
1506577,Tyzzerella
1649512,Vulcaniibacterium
2239,Halobacterium
41273,Tissierella
2192,Methanocorpusculum
404,Methylobacillus
2268,Thermofilum
898,Desulfomicrobium
44262,Oxalophagus
100175,Papillibacter
1912216,Cutibacterium
33981,Kineococcus
81682,Methylovorus
33886,Rathayibacter
255204,Pseudoclavibacter
1551504,Candidatus Babela
653683,Anaerosporobacter
61434,Dehalococcoides
1486726,Pseudobacteroides
590,Salmonella
541,Zymomonas
1111,Porphyrobacter
864,Pectinatus
2147,Acholeplasma
489140,Geminicoccus
1200657,Saccharofermentans
182709,Oceanobacillus
33071,Gloeobacter
1562,Desulfotomaculum
1792239,Caviibacter
1913599,Peptoanaerobacter
34104,Streptobacillus
374,Bradyrhizobium
172900,Victivallis
55506,Schwartzia
123,Pirellula
84034,Propionispira
44249,Paenibacillus
666508,Phycisphaera
256846,Lentisphaera
2735,Verrucomicrobium
270497,Christensenella
1573806,Mariniphaga
423604,Elusimicrobium
978,Cytophaga
362865,Sandarakinorhabdus
361177,Altererythrobacter
57665,Sulfurospirillum
1041,Erythrobacter
1649501,Tangfeifania
1236988,Geofilum
299566,Adhaeribacter
70992,Flexithrix
1637257,Mageeibacillus
186831,Acetoanaerobium
499058,Spongitalea
118966,Anaerorhabdus
314318,Prolixibacter
633413,Pseudozobellia
150333,Thermobrachium
286729,Alkaliflexus
1573534,Faecalitalea
1866885,Mycolicibacterium
262406,Thermobaculum
253238,Ethanoligenens
129337,Geobacillus
203470,Tepidiphilus
71655,Brenneria
187,Aquaspirillum
2370,Xylella
265980,Alkalimonas
626,Xenorhabdus
155493,Gallibacterium
70411,Frateuria
2094023,Glaesserella
18,Pelobacter
242605,Luteibacter
1765964,Acidihalobacter
469322,Steroidobacter
271159,Nicoletella
697331,Basfia
1960084,Rodentibacter
958,Bdellovibrio
504481,Sediminibacterium
79328,Chitinophaga
1648517,Mesocricetibacter
1505660,Asaccharospora
75984,Mannheimia
73029,Dechloromonas
359336,Castellaniella
508459,Cloacibacillus
1647,Erysipelothrix
28067,Rubrivivax
332162,Candidatus Solibacter
114627,Alkaliphilus
29407,Rhodoplanes
43947,Tolumonas
553372,Asaccharobacter
1344362,Rehaibacterium
106591,Ensifer
178440,Opitutus
12960,Azoarcus
2057233,Amedibacterium
85,Hyphomonas
332102,Fluviicola
1408818,Youngiibacter
31988,Aminobacter
204447,Skermanella
29487,Photorhabdus
1860,Geodermatophilus
2282740,Desulfallas
1843210,Anaerocolumna
1004300,Hydrotalea
697025,Hoyosella
47420,Hydrogenophaga
380240,Candidatus Brocadia
1649453,Gimesia
296051,Terrimonas
84036,Syntrophococcus
1505652,Terrisporobacter
2040476,Rhabdanaerobium
28050,Lachnospira
83660,Desulfonispora
160795,Ureibacillus
1573536,Faecalicoccus
35829,Acetivibrio
44261,Oxobacter
862,Syntrophomonas
79206,Desulfosporosinus
2282742,Desulfofarcimen
78119,Succinispira
1121829,Fodinicurvata
36853,Desulfitobacterium
140625,Lachnobacterium
1291539,Methanomethylophilus
101,Flectobacillus
660628,Insolitispirillum
2042899,Andreesenia
93217,Pandoraea
869806,Marivirga
293136,Desulfitibacter
204446,Zavarzinia
343331,Kopriimonas
252965,Mahella
241189,Hespellia
63132,Geitlerinema
1565532,Rouxiella
364031,Sulfurivirga
365348,Pelosinus
56112,Dehalobacter
518753,Luteolibacter
1505664,Gottschalkia
448125,Dethiosulfatibacter
173479,Gemmatimonas
41707,Lawsonia
1849822,Paraclostridium
1769729,Hathewaya
496496,Viridibacillus
33926,Candidatus Phytoplasma
2375,Sporomusa
150818,Heliophilum
69894,Tindallia
1155934,Marininema
866,Ruminobacter
28100,Phyllobacterium
373984,Rivularia
200473,Brumimicrobium
274470,Alkalibacter
392735,Uliginosibacterium
1115103,Wandonia
909656,Phocaeicola
204456,Gemmobacter
1021,Beggiatoa
1618113,Saccharicrinis
267986,Owenweeksia
83681,Nonomuraea
1676142,Wenzhouxiangella
65502,Cryptosporangium
28033,Sulfobacillus
1754,Thermoanaerobacter
157226,Jeotgalibacillus
218204,Garciella
1884930,Maledivibacter
35838,Holophaga
282132,Candidatus Protochlamydia
89958,Natronincola
1051898,Actimicrobium
53244,Desulfonatronovibrio
49082,Candidatus Arthromitus
45667,Halobacillus
46239,Mesoplasma
82802,Trichococcus
1054211,Sulfuritalea
117999,Denitrovibrio
165812,Sporanaerobacter
96,Gallionella
455358,Balneola
151037,Anaerosinus
44260,Moorella
1653174,Actinotignum
1125,Microcystis
45662,Desulfohalobium
83612,Psychroflexus
28261,Thermodesulfovibrio
1030,Thiothrix
2755,Brochothrix
28231,Geobacter
35823,Arthrospira
1822464,Paraburkholderia
929509,Solitalea
1481960,Peptoclostridium
57739,Vogesella
896,Desulfococcus
177399,Anaerophaga
1502725,Effusibacillus
1569,Sporosarcina
178469,Arenibacter
1107,Chloroflexus
1813,Amycolatopsis
29526,Syntrophobacter
253255,Soehngenia
81466,Aminobacterium
306539,Halolactibacillus
329857,Cohnella
349,Zoogloea
1120752,Nodosilinea
2282741,Desulfofundulus
271087,Geopsychrobacter
795750,Ignavibacterium
48463,Prosthecobacter
31980,Acetitomaculum
1918452,Extibacter
375928,Natranaerobius
16,Methylophilus
2086,Anaeroplasma
456492,Saccharibacillus
224474,Desulfothermus
85273,Rhodothalassium
32,Myxococcus
1647190,Aquibacillus
1123967,Porticoccus
67572,Psychromonas
47251,Leptolyngbya
281472,Jiangella
453850,Joostella
370735,Zhihengliuella
1501226,Romboutsia
91914,Asaia
28250,Ornithobacterium
400060,Paludibacterium
66848,Desulfonatronum
373053,Calditerricola
643217,Afifella
74030,Roseovarius
46238,Entomoplasma
150059,Halonatronum
226,Alteromonas
1190,Fischerella
269258,Nitratiruptor
13034,Dactylococcopsis
119977,Acidithiobacillus
457933,Elioraea
2425,Teredinibacter
143222,Salegentibacter
290180,Roseivirga
992,Flexibacter
162171,Magnetococcus
933,Thiomicrospira
399320,Sphaerochaeta
376488,Halotalea
689697,Salisaeta
1742990,Paeniglutamicibacter
693074,Caldisericum
240411,Chitinimonas
100715,Chloroherpeton
59740,Persicobacter
261933,Pleomorphomonas
503005,Dasania
467975,Iamia
336260,Thermovirga
82800,Desemzia
1203,Scytonema
1068,Rhodomicrobium
57494,Nesterenkonia
155977,Acaryochloris
65047,Roseateles
29298,Planobispora
253183,Myceligenerans
85079,Thiohalocapsa
1495038,Mesoaciditoga
943,Ehrlichia
334767,Ignisphaera
269260,Nitratifractor
331971,Thalassobacillus
49279,Gelidibacter
1434049,Thermophagus
637,Arsenophonus
39643,Sorangium
84565,Sodalis
43988,Cyanothece
82984,Pragia
147067,Thermobispora
2237,Haloarcula
552511,Thiofaba
113,Gemmata
482144,Mechercharimyces
162027,Haliangium
318147,Roseateles
2330,Halanaerobium
292636,Thermoflavimicrobium
107,Spirosoma
1056,Thiocapsa
120831,Dyadobacter
81411,Aminomonas
352449,Giesbergeria
450803,Oceaniserpentilla
335058,Roseateles
2004797,Luteitalea
1233041,Salinirepens
648800,Solibacillus
363408,Nonlabens
1433993,Chryseolinea
160700,Albibacter
85076,Marichromatium
202746,Sulfurimonas
196118,Methanocaldococcus
416,Methylomonas
1077265,Chthonomonas
288021,Kordiimonas
308865,Elizabethkingia
129957,Carboxydothermus
914,Nitrosomonas
965,Oceanospirillum
42447,Anaerobranca
236752,Fastidiosipila
1938003,Thermoflexibacter
265487,Blastopirellula
390846,Echinicola
392332,Geoalkalibacter
131079,Limnobacter
426598,Fulvibacter
158481,Hahella
460073,Segetibacter
61593,Thiorhodovibrio
291988,Thermosediminibacter
28048,Acidothermus
286130,Sulfuricurvum
416949,Parapedobacter
650341,Leeia
511745,Methylacidiphilum (ex Ratnadevi et al. 2023)
119541,Roseinatronobacter
446680,Eudoraea
202907,Collimonas
54298,Chroococcidiopsis
1648511,Cnuella
1217416,Halioglobus
1341120,Pseudohaliea
146918,Salinibacter
1129,Synechococcus
224465,Kofleria
171,Leptospira
545865,Calditerrivibrio
236052,Propionicimonas
451373,Rudanella
2349,Haliscomenobacter
232244,Belliella
218207,Desulfatibacillum
511678,Aliivibrio
2723,Hirschia
1129704,Kyrpidia
290731,Aminiphilus
227388,Thermodesulfobium
643949,Ferrithrix
919,Thiobacillus
20,Phenylobacterium
396811,Fulvivirga
292635,Laceyella
2023,Thermoactinomyces
13134,Magnetospirillum
356797,Neomegalonema
1082930,Pelagibacterium
84406,Virgibacillus
413,Methylococcus
1075397,Halolamina
42417,Halobacteroides
53945,Octadecabacter
151038,Anaeroarcus
33055,Candidatus Kinetoplastibacterium
294702,Proteiniphilum
106633,Thioalkalivibrio
69959,Rhodospira
1612157,Pararhodospirillum
53365,Catellatospora
207599,Solirubrobacter
669357,Geminocystis
490567,Arenimonas
1134403,Melioribacter
303379,Herminiimonas
204037,Dickeya
71666,Waddlia
1121251,Cucumibacter
682522,Ilumatobacter
114185,Candidatus Carsonella
53572,Deferribacter
2035349,Oceanispirochaeta
62608,Thermocladium
1210119,Ohtaekwangia
46913,Devosia
146784,Bacteriovorax
89342,Desulfocella
262,Francisella
58113,Glycomyces
1541822,Pseudophaeobacter
649462,Gracilimonas
83770,Succinivibrio
1549126,Desulfatiglans
118004,Chrysiogenes
81461,Thermanaerovibrio
70774,Hydrogenophilus
447467,Simiduia
669368,Coleofasciculus
351195,Salimicrobium
1968882,Hymenobacter
146813,Dendrosporobacter
146936,Azonexus
75905,Thermocrinis
129577,Oceanimonas
49184,Kineosporia
72021,Methylarcula
42837,Ammonifex
230494,Reinekea
2013,Nocardiopsis
34093,Simkania
499228,Tepidanaerobacter
204475,Gemmiger
1652133,Halobacteriovorax
252356,Maribacter
2299,Desulfosarcina
1817,Nocardia
862261,Caldanaerobius
137583,Thalassomonas
28222,Desulfobacula
32636,Halothermothrix
286104,Winogradskyella
843,Wolinella
65496,Actinoalloteichus
85274,Rhodovibrio
73918,Thermaerobacter
458032,Chloracidobacterium
2357,Desulfomonile
414715,Actinospica
160798,Marinitoga
140458,Thermacetogenium
332157,Larkinella
252306,Robiginitalea
1649459,Hungatella
670516,Mycobacteroides
379068,Galbibacter
232115,Mesonia
225842,Formosa
50,Chondromyces
1742989,Glutamicibacter
305899,Endozoicomonas
1988,Actinomadura
412033,Celerinatantimonas
171436,Tistrella
281119,Candidatus Amoebophilus
133193,Alkalilimnicola
670486,Dehalogenimonas
1247519,Flagellimonas
1175,Aphanizomenon
204286,Cobetia
471826,Candidatus Desulforudis
1649480,Planctopirus
42255,Rubrobacter
79598,Heliorestis
40,Stigmatella
1453359,Candidatus Atelocyanobacterium
283785,Bizionia
471798,Shimazuella
171673,Inquilinus
59753,Alcanivorax
1055323,Aeribacillus
2184,Methanococcus
651456,Kosmotoga
518746,Limibacter
332652,Koukoulia
2044,Pimelobacter
359337,Marinimicrobium
1064,Rhodocyclus
1099,Pelodictyon
718013,Thermasporomyces
1740,Thermodesulfobacterium
2056,Sphaerobacter
83551,Parachlamydia
832,Fibrobacter
60136,Sulfitobacter
266808,Thalassobacter
35750,Sporichthya
2713,Aquifex
59738,Marinilabilia
532,Beijerinckia
1218,Prochlorococcus
69278,Aquamicrobium
51366,Salinivibrio
389486,Sediminicola
258255,Pseudovibrio
112008,Ignatzschineria
192992,Thermoleophilum
70994,Lewinella
152180,Ahrensia
29548,Rhodothermus
261963,Kangiella
1649482,Pseudopedobacter
2295,Desulfobacterium
268408,Rhodovarius
1914443,Allostreptomyces
75687,Neptunomonas
987053,Rhodoligotrophos
81894,Prosthecomicrobium
704093,Anaerobacillus
93,Stella
1501433,Kamptonema
64001,Nevskia
217161,Chamaesiphon
246873,Crocinitomix
354354,Niastella
429,Methylobacter
40222,Methylophaga
204474,Dichotomicrobium
1937999,Hugenholtzia
44000,Caldicellulosiruptor
203697,Derxia
1004301,Flavihumibacter
111500,Allomuricauda
1579506,Roseimaritima
72763,Tessaracoccus
187492,Thalassolituus
77583,Craurococcus
256616,Parvibaculum
442431,Persicitalea
159345,Roseicyclus
109262,Halothiobacillus
1177,Nostoc
776,Coxiella
596499,Nitriliruptor
466152,Singulisphaera
203804,Candidatus Blochmanniella
414371,Aureimonas
1789690,Flaviaesturariibacter
44474,Pleurocapsa
413435,Solimonas
1524214,Vulgatibacter
167375,Cyanobium
343404,Pseudoroseobacter
1784839,Tenggerimyces
214906,Histophilus
238783,Pseudorhodobacter
43676,Promicromonospora
334107,Conchiformibius
890,Desulfuromonas
1906945,Parageobacillus
35753,Dactylosporangium
1434000,Eilatimonas
314343,Sideroxydans
33951,Acetobacterium
43773,Syntrophus
1548510,Microbacter
1434010,Jatrophihabitans
121038,Ferrimicrobium
437504,Granulosicoccus
386607,Trigonala
2077,Sporolactobacillus
28884,Hydrogenovibrio
935200,Sulfuricella
28228,Colwellia
44675,Geothrix
109168,Desulfotalea
274591,Hoeflea
166484,Caminicella
302485,Phaeobacter
998014,Cocleimonas
643701,Marinoscillum
76023,Halothece
146935,Azovibrio
866673,Marinifilum
332248,Truepera
187144,Caldithrix
32014,Iodobacter
198705,Lampropedia
453229,Desulfarculus
84404,Hippea
215802,Enhygromyxa
233189,Anaerolinea
237444,Ulvibacter
155196,Fulvimonas
265570,Sulfurovum
45654,Desulfonema
60892,Desulfobacca
338321,Turneriella
1849828,Paeniclostridium
1051,Ectothiorhodospira
73778,Methylocaldum
34008,Rhodovulum
256319,Chlorobaculum
129001,Syntrophothermus
1234,Nitrospira
411566,Candidatus Midichloria
2071,Saccharothrix
50709,Acidocella
156993,Reichenbachiella
767891,Candidatus Puniceispirillum
286801,Segniliparus
363276,Ktedonobacter
2152,Asteroleplasma
1007,Saprospira
104267,Tenacibaculum
1186,Calothrix
89523,Rubrimonas
1335483,Shimwellia
427922,Desulfurivibrio
28236,Petrotoga
161492,Anaeromyxobacter
48001,Desulfobotulus
986106,Acidiferrobacter
1433999,Domibacillus
191291,Nautilia
188143,Enterovibrio
94008,Thermicanus
206664,Desulfonauticus
1549129,Temperatibacter
281915,Curvibacter
423349,Mucilaginibacter
32205,Leptonema
630749,Spongiibacter
456826,Candidatus Cloacimonas
1023,Microscilla
156885,Thioflavicoccus
208215,Parvularcula
335405,Sphingosinicella
83768,Succinimonas
336276,Olleya
53387,Friedmanniella
1524249,Pseudohongiella
379546,Candidatus Aciduliprofundum
1471399,Draconibacterium
759360,Thalassolituus
168934,Thalassospira
55079,Aneurinibacillus
28253,Marinomonas
85108,Halorhodospira
39773,Methylomicrobium
48075,Marinobacterium
1142,Synechocystis
365032,Aureispira
213485,Micavibrio
264147,Millisia
120961,Roseiflexus
167639,Ilyobacter
246875,Algoriphagus
84593,Micromonospora
1643951,Pseudothermotoga
53634,Acidimicrobium
338191,Nitrosopumilus
249529,Caldanaerobacter
34019,Liberibacter
1227,Nitrosococcus
1397107,Fodinibius
1543705,Nitrospirillum
83867,Palaeococcus
115780,Desulfotignum
2207,Methanosarcina
86671,Roseospira
1649490,Rubinisphaera
135575,Idiomarina
33983,Luteococcus
110934,Agreia
1911556,Sediminispirochaeta
179,Leptospirillum
412592,Thermosulfidibacter
1873,Micromonospora
319458,Leadbetterella
48073,Microbulbifer
1769723,Actinorectispora
390988,Actinocatenispora
2433,Roseobacter
105850,Acidilobus
109169,Desulfofaba
198251,Candidatus Pelagibacter
178898,Carboxydocella
2697,Heliobacterium
290174,Aquimarina
695999,Actinophytocola
153265,Aequorivita
1541743,Candidatus Ruthturnera
35836,Desulfacinum
2289,Desulfobacter
212790,Sulfurihydrogenibium
231683,Saccharospirillum
499,Thermomicrobium
38501,Blastococcus
191494,Conexibacter
52959,Polaribacter
1055688,Sandaracinus
13275,Suttonella
1485594,Methyloligella
289201,Pontibacillus
69578,Cryobacterium
390876,Nisaea
658061,Candidatus Korobacter
2035811,Pseudodesulfovibrio
1163,Anabaena
59,Vitreoscilla
904708,Arenicella
762551,Jejuia
1070,Rhodopila
101191,Methanomethylovorans
1616789,Salinispira
69474,Orientia
54304,Planktothrix
105,Runella
565005,Nubsella
146,Spirochaeta
511434,Candidatus Azobacteroides
2040,Aeromicrobium
120652,Methylocella
127,Isosphaera
361607,Patulibacter
543732,Paramoritella
1078830,Acidicapsa
102115,Stanieria
2071601,Thermostaphylospora
660063,Methermicoccus
1295378,Methylogaea
1937995,Garritya
359169,Thermopolyspora
145260,Methanothermobacter
349742,Sedimenticola
204476,Labrys
231052,Saccharibacter
138,Borrelia
49894,Acetomicrobium
561367,Salinimicrobium
667113,Actinoallomurus
34096,Brevinema
442869,Acanthopleuribacter
97050,Ruegeria
261684,Thermosinus
295418,Rubellimicrobium
246876,Cryomorpha
393029,Desulfurispirillum
649460,Filimonas
1084558,Oceanicoccus
171163,Halosimplex
44013,Polynucleobacter
285105,Tepidimicrobium
1237,Piscirickettsia
196079,Oceanobacter
47,Archangium
74317,Maricaulis
1697027,Convivina
117156,Actinopolymorpha
335927,Thalassovita
60919,Sanguibacter
76632,Thermobacillus
2270,Thermoproteus
522,Acidiphilium
379899,Niabella
861914,Fibrella
221282,Mastigocladopsis
112040,Zobellia
190323,Plantibacter
1937972,Bernardetia
2335,Thermotoga
166953,Kaistia
2351,Flexistipes
235888,Salinibacterium
1217415,Demequina
13,Dictyoglomus
231454,Dyella
51196,Syntrophobotulus
2026349,Enterovirga
875170,Celeribacter
1769735,Mongoliibacter
1649267,Echinimonas
58108,Actinocorallia
886360,Rudaea
596707,Sinomonas
125287,Ornithinimicrobium
1854,Frankia
29331,Amphibacillus
413963,Rapidithrix
1912217,Arachnia
1011,Sporocytophaga
1742992,Paenarthrobacter
1400059,Pontibaca
478070,Labrenzia
56433,Couchioplanes
1154,Spirulina
169133,Citricoccus
85078,Thiococcus
497742,Desulfatirhabdium
1221880,Psychrobacillus
261825,Agarivorans
33973,Acidobacterium
99479,Nostocoides
1434011,Komagataeibacter
13159,Mycoplana
245876,Nitratireductor
182899,Persephonella
204472,Ancalomicrobium
1742993,Pseudarthrobacter
83614,Luteimonas
316625,Saccharophagus
53460,Nakamurella
559173,Fructobacillus
40566,Actinosynnema
33001,Desulfurella
191769,Marinilactibacillus
154116,Georgenia
34016,Rhodobium
28063,Heliobacillus
44011,Ferrimonas
459532,Terribacillus
1649466,Marinicauda
1123044,Ponticaulis
168694,Salinispora
63742,Natrialba
66862,Ammoniphilus
162290,Gallicola
102231,Gloeocapsa
2063,Kitasatospora
208447,Oceanithermus
2160,Methanobacterium
224459,Byssovorax
285107,Thioclava
397275,Andreprevotia
379070,Gilvibacter
245186,Loktanella
1164863,Enteractinococcus
2273,Desulfurococcus
515417,Amphritea
656899,Schlesneria
47054,Dethiosulfovibrio
85072,Allochromatium
196080,Terasakiella
648802,Rummeliibacillus
999488,Paenochrobactrum
510690,Sneathiella
51194,Desulfofustis
196078,Allopseudospirillum
53328,Desulfospira
299568,Uruburuella
623276,Maritalea
1849,Actinopolyspora
202771,Zooshikella
939,Hydrogenobacter
526215,Thalassobaculum
76634,Mycetocola
1381133,Candidatus Profftella
216431,Croceibacter
56106,Cylindrospermum
86795,Marmoricola
2005,Microbispora
580880,Amorphus
39845,Actinokineospora
46468,Orenia
283735,Leeuwenhoekiella
379074,Sediminitomix
1649,Kurthia
1524217,Labilithrix
396388,Aestuariimicrobium
660514,Novispirillum
168658,Rhodoblastus
498845,Candidatus Korarchaeum
2422,Fervidobacterium
102234,Cyanobacterium
186191,Marinithermus
142841,Selenihalanaerobacter
51228,Wigglesworthia
352450,Simplicispira
162985,Hapalosiphon
527198,Mariniflexile
164450,Vulcanisaeta
28073,Lyngbya
379072,Sediminibacter
2368,Arhodomonas
46200,Geovibrio
414878,Catenulispora
45247,Leucothrix
1912215,Acidipropionibacterium
1406885,Aliiglaciecola
42,Cystobacter
241192,Thermodesulfatator
1525371,Neorhizobium
292637,Seinonella
1433995,Cruoricaptor
53,Nannocystis
425,Methylosinus
401469,Undibacterium
1522429,Lihuaxuella
475794,Haliea
292486,Avibacterium
453849,Henriciella
105591,Symploca
42734,Thermopallium
196013,Caldimonas
312063,Azohydromonas
1912771,Halodesulfovibrio
2211641,Yoonia
153232,Oceanicaulis
59282,Blastochloris
77674,Paracraurococcus
223927,Oxalicibacterium
32068,Sebaldella
444051,Mesoflavibacter
1068904,Primorskyibacter
1649452,Geothermomicrobium
1004302,Parasegetibacter
484508,Ornithinibacillus
352,Azotobacter
1654931,Crenobacter
477695,Thermogladius
83766,Propionivibrio
406099,Aquisalimonas
311411,Pseudoruegeria
264688,Trichormus
348581,Propionicicella
180541,Salinisphaera
138117,Quatrionicoccus
623282,Psychrilyobacter
59739,Flammeovirga
54302,Dermocarpella
280472,Aquiflexum
973,Sporohalobacter
1263978,Candidatus Endolissoclinum
89404,Glaciecola
133,Methylocystis
165301,Lentzea
221065,Kordia
585890,Chitiniphilus
182269,Aurantimonas
64968,Marinospirillum
273135,Candidatus Cardinium
33993,Neorickettsia
263066,Malikia
68288,Cyclobacterium
661182,Perlucidibaca
13724,Thiocystis
1123955,Oceanobacterium
212742,Morococcus
240236,Woodsholea
70190,Chroococcus
200414,Caldisphaera
89092,Ignavigranum
34067,Cycloclasticus
449810,Lutimonas
1397106,Fodinibius
29574,Taylorella
366614,Haematobacter
1434030,Phytomonospora
1518147,Wenyingzhuangia
54253,Thermosphaera
64895,Borreliella
188905,Jannaschia
326319,Dokdonia
768,Anaplasma
2212691,Thiolinea
2279,Staphylothermus
475087,Methanosphaerula
1184396,Mesotoga
1857532,Muribacter
171868,Thermovibrio
461,Fluoribacter
312278,Emticicia
83764,Formivibrio
85265,Phaeospirillum
186188,Xylanimonas
85077,Isochromatium
1827195,Caballeronia
327159,Candidatus Accumulibacter
1572663,Chishuiella
92944,Ketogulonicigenium
570266,Methanocella
1884449,Salipaludibacillus
1522432,Pseudoduganella
2233,Archaeoglobus
53452,Lamprocystis
1210116,Flavitalea
871740,Halomarina
937253,Thermohydrogenium
57479,Microvirgula
34102,Sphaerotilus
2039723,Thiomicrorhabdus
649461,Lacibacter
146785,Thermosynechococcus
2276,Pyrobaculum
192987,Allofustis
1935172,Haloactinomyces
191028,Leisingera
465,Tatlockia
83677,Thermobifida
1395977,Aidingimonas
1222,Prochlorothrix
45989,Methanoculleus
1649279,Epibacterium
235572,Candidatus Portiera
28895,Thermoanaerobacterium
154346,Thiorhodospira
404235,Maritimibacter
577469,Demequina
214904,Tepidibacter
561554,Zeaxanthinibacter
1123949,Robiginosimarina
1425377,Haloechinothrix
1649487,Rhizorhapis
1274351,Kroppenstedtia
427077,Salsuginibacillus
200903,Paraliobacillus
1649514,Caldimonas
1329200,Fictibacillus
407217,Aquitalea
119979,Thermithiobacillus
46631,Picrophilus
219181,Ottowia
106146,Pelistega
136099,Knoellia
574892,Kriegella
230666,Chitinibacter
283810,Stackebrandtia
1101,Prosthecochloris
81463,Anaeromusa
1778601,Apibacter
418700,Litorivicinus
472054,Leptobacterium
1820341,Crenalkalicoccus
49277,Psychroserpens
254250,Isoptericola
690086,Salinarimonas
741759,Tomitella
1187078,Cecembia
267408,Arsenicicoccus
54247,Hyperthermus
1029631,Amnibacterium
58050,Moritella
402649,Actinomycetospora
388463,Edaphobacter
1123,Chlorogloeopsis
387658,Marixanthomonas
2211635,Cognatishimia
2220,Methanolobus
475230,Pullulanibacillus
745153,Umboniibacter
68034,Sporotomaculum
659428,Marivita
54251,Pyrolobus
261827,Algibacter
1047,Chromatium
2284,Sulfolobus
863253,Marinicella
574559,Hellea
647960,Marinactinospora
28070,Gloeothece
225143,Oceanisphaera
1048757,Candidatus Moranella
57488,Thiorhodococcus
2225,Methanococcoides
442432,Perexilibacter
59613,Skermania
700450,Siphonobacter
311207,Gaetbulibacter
2040254,Salinifilum
1205,Trichodesmium
354349,Pseudochrobactrum
1472344,Basilea
157920,Cellulosimicrobium
1884922,Herbihabitans
1344552,Noviherbaspirillum
1658781,Aliiroseovarius
217510,Fulvimarina
2029,Kibdelosporangium
596495,Sciscionella
336803,Thorsellia
613121,Smaragdicoccus
79603,Denitrobacterium
142577,Prauserella
2420,Thermosipho
130795,Crossiella
653686,Wenxinia
1543704,Niveispirillum
93682,Roseivivax
651553,Haloglycomyces
225447,Yaniella
124224,Brackiella
54258,Ignicoccus
93368,Pseudaminobacter
246861,Grimontia
1096776,Flexivirga
869,Dichelobacter
52605,Myxosarcina
1195526,Gryllotalpicola
168470,Laribacter
2212731,Thiofilum
1679449,Pseudooceanicola
568987,Candidatus Hamiltonella
286800,Tenuibacillus
644355,Inhella
83461,Corallococcus
82559,Thiolamprovum
88723,Natrinema
74968,Ferroplasma
1158296,Poseidonocella
292713,Silanimonas
41980,Metallosphaera
153497,Kozakia
476528,Bibersteinia
911,Nitrobacter
626119,Ruania
34000,Acidomonas
63958,Demetria
2038280,Robbsia
152053,Starkeya
104204,Streptomonospora
78328,Allocoenonia
1621534,Paraglaciecola
41201,Ewingella
186829,Agitococcus
1940136,Tibeticola
635,Edwardsiella
367298,Phycicoccus
47494,Pedomicrobium
1930924,Haematomicrobium
1273095,Anaerosphaera
429014,Desulfopila
1184606,Austwickia
2024958,Alkalispirochaeta
1649467,Mariniluteicoccus
194195,Alysiella
116071,Micropruina
162491,Oerskovia
37924,Thermocrispum
227873,Pannonibacter
46466,Halocella
482136,Fangia
1294511,Naumannella
2040262,Allobranchiibius
28186,Acetohalobium
37817,Desulfuromusa
227864,Cerasibacillus
34069,Telluria
2202,Methanospirillum
152161,Stappia
375673,Paraferrimonas
331654,Alkalibacillus
576341,Halovibrio
1998,Planomonospora
43673,Jonesia
28209,Chelatococcus
1082702,Lonsdalea
395331,Methanoregula
568394,Pseudogulbenkiania
33969,Melissococcus
2211638,Limimaricola
33976,Caryophanon
53456,Propioniferax
157932,Paucimonas
122277,Pectobacterium
454159,Kiloniella
1645,Renibacterium
84756,Beutenbergia
230355,Methanolacinia
1436289,Candidatus Symbiobacter
291183,Lacinutrix
279,Xanthobacter
551759,Aromatoleum
168657,Hydrogenobaculum
292691,Christiangramia
40136,Afipia
364409,Granulibacter
2019,Thermomonospora
401618,Candidatus Riesia
991903,Polymorphum
1073531,Mycolicibacter
551,Erwinia
64159,Desulfurobacterium
309512,Dinoroseobacter
88,Leptothrix
1269201,Salinarchaeum
53357,Intrasporangium
2302,Thermoplasma
2321,Methanohalobium
12914,Acidianus
196136,Methanosalsum
2016,Streptoalloteichus
54260,Ferroglobus
203135,Halomicrobium
659427,Sediminimonas
1617805,Amylibacter
2175,Methanohalophilus
387342,Halopiger
1354333,Cosenzaea
82978,Budvicia
76886,Caldivirga
52607,Xenococcus
33874,Catenuloplanes
437506,Robiginitomaculum
1862,Dermatophilus
1069494,Trueperella
53392,Thiodictyon
34100,Filibacter
320496,Neoasaia
1156568,Methylovirgula
1433986,Actibacterium
120376,Salana
1855402,Allohahella
1114981,Piscinibacter
81416,Methanofollis
2249,Halococcus
353799,Halostagnicola
940550,Gilvimarinus
200677,Meniscus
1649483,Pseudopelagicola
119044,Filomicrobium
42418,Halanaerobacter
64,Herpetosiphon
358023,Lutibacter
1868332,Neomicrococcus
1121253,Catelliglobosispora
365532,Belnapia
85043,Williamsia
269773,Atopococcus
427753,Humibacter
1609627,Hydrogenibacillus
93681,Roseateles
1100891,Paenalcaligenes
1137960,Allokutzneria
1424614,Thermoactinospora
1237104,Litoribacter
158848,Moellerella
390250,Labedella
28194,Thermonema
54066,Xylophilus
52003,Natroniella
600332,Zavarzinella
1167830,Litorimonas
334108,Bergeriella
501022,Glaciibacter
984996,Mobilicoccus
1156392,Pseudokineococcus
1331730,Microcella
1143004,Methyloferula
344063,Oryzihumus
1070314,Halorussus
33073,Zymobacter
367771,Marinovum
1649470,Minicystis
2314,Methanoplanus
1008195,Halopelagius
56688,Halorubrum
497721,Desulfoluna
1121254,Hamadaea
58122,Spirillospora
293431,Haloquadratum
64322,Carnimonas
744724,Halarchaeum
695982,Halogranum
121871,Haloterrigena
63743,Natronomonas
146825,Halorhabdus
228398,Streptacidiphilus
1198,Phormidium
300264,Silvimonas
60846,Halogeometricum
1073986,Halobellus
43356,Kutzneria
90974,Acrocarpospora
1073987,Halorientalis
367188,Haladaptatus
947567,Litoreibacter
2204,Methanomicrobium
376170,Haloplanus
332951,Halovivax
1377992,Halovenus
1792303,Sphaerimonospora
1331737,Ruania
182402,Rubritepida
665568,Paraoerskovia
253106,Natronolimnobius
2195,Methanogenium
69961,Azomonas
908935,Yimella
926359,Natronoarchaeum
110103,Anabaenopsis
556178,Humibacillus
1434046,Sphingorhabdus
869896,Halonotius
482135,Thermogymnomonas
2251,Haloferax
1075398,Salarchaeum
29287,Natronococcus
342943,Sinobaca
472058,Schumannella
82976,Buttiauxella
444052,Tanticharoenia
331525,Kribbia
336827,Rhodonellum
1049006,Fortiea
387095,Palleronia
332246,Halalkalicoccus
2256,Natronobacterium
263377,Salipiger
166974,Lentzea
13242,Rarobacter
205841,Cryocola
1511643,Corallibacter
41674,Stygiolobus
246263,Hydrogenivirga
183669,Macromonas
1747777,Cuniculiplasma
43927,Halobaculum
158876,Yokenella
69655,Sulfurisphaera
321315,Sphaerisporangium
507753,Acidiplasma
159191,Nodularia
132605,Limnothrix
160794,Filobacillus
1820337,Haloparvum
2308,Pyrodictium
1995,Microtetraspora
2304691,Thermoclostridium
2304692,Acetivibrio
697279,Bavariicoccus
582472,Wohlfahrtiimonas
99,Ancylobacter
2100764,Mixta
2529408,Schaalia
444459,Flagellimonas
767528,Geomicrobium
165798,Neocyanospira
334857,Goodfellowiella
518733,Microterricola
224455,Hyalangium
74032,Antarctobacter
1450140,Halohasta
58842,Sagittula
